nombre,ubicacion_x,ubicacion_y
McDonalds Centro,40.416775,3.703790
Starbucks Sol,40.417200,3.704100
Burger King,40.415000,3.702000
Pizza Hut,40.420000,3.710000
KFC Gran Via,40.419500,3.705000
Telepizza,40.413000,3.698000